<?xml version="1.0" encoding="UTF-8"?>
<Styles>
    <Style Name="Title" ID="188A2033-52B6-4B80-8F5A-C2149958F62B" Type="Para+Char" FontChange="Size">
        <Format><![CDATA[{\rtf1\ansi\ansicpg1252\cocoartf1561\cocoasubrtf600
{\fonttbl\f0\froman\fcharset0 Palatino-Roman;}
{\colortbl;\red255\green255\blue255;}
{\*\expandedcolortbl;;}
\pard\tx560\tx1120\tx1680\tx2240\tx2800\tx3360\tx3920\tx4480\tx5040\tx5600\tx6160\tx6720\sl264\slmult1\sb260\pardirnatural\partightenfactor0

\f0\fs56 \cf0 <$ScrKeepWithNext>Attributes}]]></Format>
    </Style>
    <Style Name="Heading 1" ID="B49DF414-2C82-476F-8E12-2321CBCAECBC" Type="Para+Char" FontChange="Size" Shortcut="4">
        <Format><![CDATA[{\rtf1\ansi\ansicpg1252\cocoartf1561\cocoasubrtf600
{\fonttbl\f0\fswiss\fcharset0 Helvetica;\f1\froman\fcharset0 Palatino-Roman;}
{\colortbl;\red255\green255\blue255;}
{\*\expandedcolortbl;;}
\pard\tx560\tx1120\tx1680\tx2240\tx2800\tx3360\tx3920\tx4480\tx5040\tx5600\tx6160\tx6720\sl264\slmult1\sb260\pardirnatural\partightenfactor0

\f0\fs24 \cf0 <$ScrKeepWithNext><$Scr_H::1>
\f1\b\fs36 Attributes
\f0\b0\fs24 <!$Scr_H::1>}]]></Format>
    </Style>
    <Style Name="Heading 2" ID="0B20A420-8EDC-4A4C-8FAB-084F3A540FAE" Type="Para+Char" FontChange="Size" Shortcut="5">
        <Format><![CDATA[{\rtf1\ansi\ansicpg1252\cocoartf1561\cocoasubrtf600
{\fonttbl\f0\fswiss\fcharset0 Helvetica;\f1\froman\fcharset0 Palatino-Roman;}
{\colortbl;\red255\green255\blue255;}
{\*\expandedcolortbl;;}
\pard\tx560\tx1120\tx1680\tx2240\tx2800\tx3360\tx3920\tx4480\tx5040\tx5600\tx6160\tx6720\sl264\slmult1\sb260\pardirnatural\partightenfactor0

\f0\fs24 \cf0 <$ScrKeepWithNext><$Scr_H::2>
\f1\b\fs26 Attributes
\f0\b0\fs24 <!$Scr_H::2>}]]></Format>
    </Style>
    <Style Name="Centered Text" ID="27991242-3AAC-44BC-93A2-8DEA1F91B934" Type="Para" Shortcut="1">
        <Format><![CDATA[{\rtf1\ansi\ansicpg1252\cocoartf1561\cocoasubrtf600
{\fonttbl\f0\froman\fcharset0 Palatino-Roman;}
{\colortbl;\red255\green255\blue255;}
{\*\expandedcolortbl;;}
\pard\tx360\tx720\tx1080\tx1440\tx1800\tx2160\tx2880\tx3600\tx4320\sl264\slmult1\pardirnatural\qc\partightenfactor0

\f0\fs26 \cf0 Attributes}]]></Format>
    </Style>
    <Style Name="Block Quote" ID="0ADCE596-D75F-4E54-856E-A9FE1F7AB143" Type="Para" FontChange="Size" Shortcut="2">
        <Format><![CDATA[{\rtf1\ansi\ansicpg1252\cocoartf1561\cocoasubrtf600
{\fonttbl\f0\froman\fcharset0 Palatino-Roman;}
{\colortbl;\red255\green255\blue255;}
{\*\expandedcolortbl;;}
\pard\tx720\tx1080\tx1440\li720\sl264\slmult1\sb240\sa240\pardirnatural\partightenfactor0

\f0\fs24 \cf0 Attributes}]]></Format>
    </Style>
    <Style Name="Attribution" ID="145F671B-7543-441D-B515-577509E98B5E" Type="Para" FontChange="Size" Shortcut="">
        <Format><![CDATA[{\rtf1\ansi\ansicpg1252\cocoartf1561\cocoasubrtf600
{\fonttbl\f0\froman\fcharset0 Palatino-Roman;}
{\colortbl;\red255\green255\blue255;}
{\*\expandedcolortbl;;}
\pard\tx720\tx1080\tx1440\li720\sl264\slmult1\sa240\pardirnatural\qr\partightenfactor0

\f0\fs24 \cf0 Attributes}]]></Format>
    </Style>
    <Style Name="Code Block" ID="E72F45D0-F684-4CAD-B362-1FE400B3E310" Type="Para+Char" FontChange="Face+Size" Next="E72F45D0-F684-4CAD-B362-1FE400B3E310">
        <Format><![CDATA[{\rtf1\ansi\ansicpg1252\cocoartf1561\cocoasubrtf600
{\fonttbl\f0\fnil\fcharset0 Menlo-Regular;}
{\colortbl;\red255\green255\blue255;}
{\*\expandedcolortbl;;}
\pard\tx720\tx1080\tx1440\tx1800\tx2160\li720\pardirnatural\partightenfactor0

\f0\fs22 \cf0 Attributes}]]></Format>
    </Style>
    <Style Name="Verse" ID="E5B849E9-9404-421D-9CBE-26365E5E8A55" Type="Para" FontChange="Size" Next="E5B849E9-9404-421D-9CBE-26365E5E8A55">
        <Format><![CDATA[{\rtf1\ansi\ansicpg1252\cocoartf1561\cocoasubrtf600
{\fonttbl\f0\froman\fcharset0 Palatino-Roman;}
{\colortbl;\red255\green255\blue255;}
{\*\expandedcolortbl;;}
\pard\sl264\slmult1\pardirnatural\qc\partightenfactor0

\f0\fs24 \cf0 Attributes}]]></Format>
    </Style>
    <Style Name="Code Span" ID="B319BDBB-B0F8-4033-917A-6F0AA87A2A3A" Type="Char" FontChange="Face+Size">
        <Format><![CDATA[{\rtf1\ansi\ansicpg1252\cocoartf1561\cocoasubrtf600
{\fonttbl\f0\fnil\fcharset0 Menlo-Regular;}
{\colortbl;\red255\green255\blue255;}
{\*\expandedcolortbl;;}
\pard\tx720\tx1080\tx1440\tx1800\tx2160\li720\pardirnatural\partightenfactor0

\f0\fs22 \cf0 Attributes}]]></Format>
    </Style>
    <Style Name="Caption" ID="F62FF174-5629-473E-86E4-59F80BE2A973" Type="Para" FontChange="Size" Shortcut="3">
        <Format><![CDATA[{\rtf1\ansi\ansicpg1252\cocoartf1561\cocoasubrtf600
{\fonttbl\f0\froman\fcharset0 Palatino-Roman;}
{\colortbl;\red255\green255\blue255;}
{\*\expandedcolortbl;;}
\pard\tx560\tx1120\tx1680\tx2240\tx2800\tx3360\tx3920\tx4480\tx5040\tx5600\tx6160\tx6720\sl264\slmult1\sa160\pardirnatural\qc\partightenfactor0

\f0\fs26 \cf0 Attributes}]]></Format>
    </Style>
    <Style Name="Emphasis" ID="7072E9FC-86A0-4DD2-9002-86C171E8AD43" Type="Char">
        <Format><![CDATA[{\rtf1\ansi\ansicpg1252\cocoartf1561\cocoasubrtf600
{\fonttbl\f0\froman\fcharset0 Palatino-Roman;}
{\colortbl;\red255\green255\blue255;}
{\*\expandedcolortbl;;}
\pard\tx360\tx720\tx1080\tx1440\tx1800\tx2160\tx2880\tx3600\tx4320\fi360\sl264\slmult1\pardirnatural\partightenfactor0

\f0\i\fs26 \cf0 Attributes}]]></Format>
    </Style>
</Styles>